time,x,y,z
0.016,0.39,0.08,-0.15
0.035,0.44,0.04,-0.16
0.055,0.37,-0.07,-0.02
0.075,-0.35,-0.25,-0.03
0.096,-1.95,-0.83,-0.05
0.116,-0.78,-0.93,0.12
0.135,-0.14,-0.52,-0.07
0.156,-0.29,-0.14,-0.11
0.175,-0.16,0.19,0.00
0.195,-0.13,0.32,0.01
0.215,-0.15,0.45,-0.03
0.235,0.04,0.49,-0.03
0.256,0.20,0.38,0.00
0.276,0.08,0.20,-0.07
0.296,0.09,-0.07,-0.16
0.316,0.20,-0.44,-0.07
0.335,0.21,-0.65,-0.08
0.356,0.10,-0.75,-0.07
0.376,-0.07,-0.73,-0.05
0.396,-0.11,-0.54,-0.10
0.416,-0.12,-0.29,-0.02
0.436,-0.07,-0.14,-0.06
0.456,-0.01,-0.12,-0.02
0.475,-0.03,-0.09,-0.09
0.496,-0.01,-0.17,-0.10
0.516,-0.08,-0.30,-0.05
0.536,-0.09,-0.41,-0.03
0.556,-0.04,-0.48,-0.03
0.576,0.01,-0.48,-0.03
0.597,0.09,-0.35,-0.06
0.616,0.09,-0.46,-0.09
0.636,0.04,-0.53,-0.04
0.657,-0.01,-0.60,-0.05
0.676,-0.11,-0.57,0.01
0.696,-0.06,-0.60,-0.01
0.716,-0.02,-0.60,-0.02
0.736,0.03,-0.40,-0.06
0.757,-0.06,-0.12,-0.04
0.776,-0.09,-0.11,-0.05
0.797,-0.13,-0.17,-0.05
0.816,-0.07,-0.27,-0.06
0.837,0.02,-0.23,-0.06
0.857,-0.05,-0.13,-0.04
0.876,-0.08,-0.14,-0.02
0.897,0.05,-0.44,-0.05
0.916,0.03,-0.20,-0.04
0.937,-0.02,-0.17,-0.05
0.957,-0.07,-0.23,-0.08
0.977,-0.21,-0.31,-0.02
0.997,-0.00,-0.32,-0.07
1.017,-0.06,-0.27,-0.02
1.037,-0.03,-0.52,-0.07
1.057,-0.05,-1.04,-0.01
1.077,-0.03,-2.78,0.05
1.096,-0.09,-3.44,0.05
1.117,-0.04,-2.77,-0.07
1.136,-0.18,-1.27,-0.20
1.157,-0.15,0.32,-0.24
1.177,-0.07,1.67,-0.14
1.198,0.12,2.19,-0.02
1.217,0.29,2.34,0.07
1.237,-0.03,0.30,0.06
1.258,-0.09,0.50,-0.20
1.277,-0.10,1.05,0.25
1.298,0.16,0.68,-0.01
1.317,0.12,0.00,-0.10
1.337,0.16,-0.57,-0.02
1.358,0.02,-0.33,-0.13
1.378,-0.09,-0.21,0.02
1.398,0.08,0.22,-0.09
1.418,0.40,0.12,-0.02
1.437,0.57,0.12,-0.00
1.459,0.53,-0.01,-0.06
1.478,-0.26,-0.23,-0.04
1.499,-1.87,-0.82,-0.09
1.517,-0.83,-1.15,0.04
1.538,-0.18,-0.47,-0.09
1.559,-0.18,-0.12,-0.03
1.578,0.15,0.07,-0.01
1.598,-0.15,0.55,0.02
1.618,-0.00,0.61,-0.08
1.637,-0.01,0.66,0.09
1.658,0.04,0.67,0.00
1.677,-0.01,0.47,-0.10
1.699,0.03,0.03,-0.12
1.717,0.18,-0.40,-0.12
1.739,0.22,-0.81,-0.03
1.759,0.11,-0.98,-0.05
1.779,0.01,-1.00,-0.11
1.798,-0.10,-0.82,-0.05
1.818,-0.13,-0.48,-0.08
1.839,-0.05,-0.62,0.02
1.859,-0.07,-1.00,-0.07
1.879,0.09,-1.39,-0.09
1.898,0.04,-1.05,-0.06
1.917,0.04,-0.96,0.05
1.939,0.28,-0.50,-0.02
1.960,0.39,0.01,-0.11
1.979,0.40,0.37,-0.10
1.998,0.22,0.45,-0.03
2.019,-0.03,0.32,-0.06
2.039,-0.08,-0.10,-0.01
2.059,0.01,-0.27,-0.05
2.079,0.12,-0.18,-0.08
2.099,0.23,-0.14,-0.05
2.121,0.22,-0.13,-0.07
2.139,0.16,-0.12,-0.07
2.160,0.06,-0.09,-0.08
2.179,-0.53,-0.08,-0.06
2.199,-2.16,0.14,-0.01
2.218,-0.53,-0.47,0.14
2.238,-0.59,-0.28,0.00
2.259,-0.60,-0.13,0.02
2.279,-0.06,0.01,-0.09
2.298,0.18,0.24,-0.09
2.320,0.27,0.23,-0.08
2.339,0.11,0.12,-0.01
2.361,0.00,0.09,-0.03
2.380,-0.13,0.13,-0.03
2.398,-0.18,0.11,-0.10
2.420,0.04,0.05,-0.08
2.440,0.18,-0.10,-0.03
2.460,0.13,-0.24,-0.05
2.480,0.14,-0.90,-0.10
2.499,0.55,-2.20,0.04
2.520,-0.15,-0.76,-0.21
2.539,0.21,-0.73,0.08
2.560,-0.04,-0.58,-0.04
2.580,0.14,-0.35,0.01
2.600,0.24,0.05,-0.19
2.620,0.29,0.00,-0.04
2.640,0.11,0.07,-0.02
2.661,0.04,-0.02,-0.08
2.680,0.06,-0.25,-0.04
2.700,0.12,-0.28,-0.08
2.720,0.19,-0.26,-0.07
2.740,0.17,-0.15,-0.04
2.761,0.10,-0.13,-0.07
2.780,-0.12,-0.11,-0.05
2.799,-1.65,0.35,0.01
2.820,-0.82,-0.00,0.10
2.840,-0.02,-0.42,-0.08
2.861,-0.31,-0.18,0.01
2.879,0.08,-0.05,-0.16
2.903,0.21,-0.02,-0.13
2.921,0.01,0.04,0.03
2.940,-0.13,0.10,0.01
2.964,-0.09,0.09,0.02
2.987,-0.20,0.14,-0.06
3.000,-0.30,0.24,-0.07
3.021,-0.11,0.22,-0.03
3.041,0.06,0.01,-0.06
3.063,0.12,-0.14,-0.01
3.083,0.14,-0.28,-0.11
3.101,0.18,-0.44,-0.07
3.121,0.14,-0.52,-0.06
3.141,0.09,-0.52,-0.01
3.162,0.03,-0.46,-0.04
3.181,0.08,-0.42,-0.08
3.201,0.01,-0.32,-0.06
3.221,-0.04,-0.24,-0.07
3.241,-0.03,-0.19,-0.03
3.261,-0.06,-0.16,-0.02
3.279,-0.05,-0.15,-0.04
3.301,0.02,-0.16,-0.08
3.321,-0.01,-0.16,-0.10
3.341,0.04,-0.21,-0.04
3.361,-0.02,-0.43,-0.07
3.380,-0.15,-0.52,-0.02
3.401,-0.02,-1.30,-0.02
3.420,0.17,-1.92,-0.05
3.441,0.23,-2.02,0.06
3.461,0.47,-1.54,-0.04
3.481,0.52,-0.46,-0.14
3.501,0.43,0.50,-0.13
3.521,0.14,1.29,-0.09
3.541,-0.18,1.40,0.00
3.561,-0.56,0.99,0.02
3.581,-0.53,0.17,-0.02
3.610,-0.10,-0.14,-0.05
3.622,0.05,0.03,-0.11
3.641,0.47,-0.07,-0.11
3.661,0.71,-0.30,-0.08
3.682,0.49,-0.22,-0.07
3.701,-0.58,-0.09,-0.01
3.721,-2.21,0.24,0.11
3.742,-0.44,-0.46,0.05
3.761,-0.73,-0.08,-0.06
3.781,-0.34,-0.05,0.04
3.801,-0.08,0.11,-0.06
3.822,0.01,0.10,-0.11
3.842,-0.10,0.24,-0.06
3.861,-0.08,0.23,0.03
3.882,-0.08,0.24,-0.02
3.901,-0.15,0.23,-0.06
3.922,-0.06,0.17,-0.04
3.942,0.16,0.03,-0.05
3.961,0.28,-0.24,-0.07
3.982,0.19,-0.45,-0.07
4.001,0.22,-1.34,-0.07
4.023,0.36,-1.64,-0.02
4.042,-0.12,-0.86,-0.01
4.062,0.17,-0.87,-0.03
4.082,0.23,-0.63,0.03
4.103,0.26,-0.27,-0.06
4.124,0.36,0.04,-0.18
4.143,0.30,0.01,-0.04
4.161,0.22,0.16,-0.05
4.182,0.08,0.04,-0.05
4.203,0.10,-0.22,-0.02
4.222,0.15,-0.23,-0.07
4.243,-0.33,-0.05,0.00
4.263,-1.47,0.60,-0.11
4.283,-0.19,-0.12,0.12
4.302,-0.22,-0.07,-0.07
4.322,-0.01,-0.09,-0.01
4.343,0.10,-0.15,-0.08
4.363,-0.15,-0.05,-0.02
4.383,-0.11,-0.16,-0.08
4.403,-0.04,-0.14,-0.02
4.423,-0.06,-0.15,-0.02
4.443,-0.02,0.01,-0.10
4.463,-0.09,0.21,-0.05
4.483,-0.13,0.38,-0.05
4.503,-0.11,0.40,0.00
4.522,-0.11,0.28,-0.05
4.543,-0.03,-0.23,-0.14
4.562,0.30,-2.04,-0.04
4.586,0.51,-1.61,-0.08
4.602,-0.17,-0.47,0.05
4.621,-0.22,-0.74,-0.03
4.643,-0.12,-0.95,0.01
4.663,-0.22,-0.90,-0.12
4.684,-0.07,-0.73,-0.14
4.703,0.01,-0.63,-0.00
4.722,0.01,-0.09,-0.08
4.742,-0.02,0.14,-0.06
4.762,-0.02,0.22,-0.07
4.783,0.01,0.25,-0.08
4.802,-0.01,0.27,-0.00
4.823,0.07,0.17,-0.03
4.843,0.08,-0.08,-0.00
4.863,0.01,-0.21,-0.00
4.884,-0.01,-0.26,-0.06
4.903,-0.04,-0.35,-0.04
4.923,-0.09,-0.37,-0.07
4.943,-0.11,-0.29,-0.12
4.963,-0.11,-0.21,-0.06
4.984,-0.03,-0.14,-0.04
5.003,0.03,-0.06,-0.02
5.024,0.04,0.02,-0.02
5.043,0.02,0.09,-0.04
5.064,0.00,0.13,-0.00
5.084,-0.11,0.04,-0.04
5.103,-0.06,-0.12,-0.07
5.124,-0.03,-0.08,-0.02
5.142,-0.00,-0.01,-0.02
5.163,0.02,0.21,-0.02
5.185,0.04,0.71,0.12
5.203,0.13,1.58,0.19
5.223,0.07,1.50,0.20
5.243,0.49,1.28,0.05
5.264,0.51,0.76,-0.02
5.285,0.55,-0.02,-0.11
5.305,0.37,-0.62,-0.11
5.324,0.11,-1.03,-0.15
5.344,-0.10,-1.05,-0.13
5.364,-0.34,-0.87,-0.06
5.385,-0.45,-0.50,-0.08
5.404,-0.72,-0.33,-0.06
5.424,-0.26,-0.37,0.01
5.443,-0.63,-0.45,-0.04
5.465,-0.46,-0.35,-0.08
5.484,-0.16,-0.35,-0.03
5.504,-0.32,-0.06,-0.08
5.524,-0.33,0.20,-0.03
5.544,-0.22,0.42,0.01
5.565,-0.11,0.42,0.02
5.585,-0.05,0.42,-0.02
5.604,0.05,0.28,-0.08
5.624,0.15,0.03,-0.10
5.644,0.18,-0.46,-0.12
5.665,0.25,-2.18,-0.11
5.685,0.42,-1.65,-0.13
5.705,-0.17,-0.57,0.04
5.724,0.05,-0.64,-0.12
5.744,-0.01,-0.58,0.04
5.765,-0.03,-0.71,-0.00
5.784,0.13,-0.74,-0.16
5.805,0.08,-0.86,-0.07
5.824,0.01,-0.59,-0.11
5.844,-0.13,-0.45,-0.08
5.865,-0.11,-0.24,-0.04
5.885,-0.14,0.01,-0.05
5.904,-0.05,1.25,0.03
5.924,0.11,2.35,0.04
5.945,0.24,0.34,0.16
5.965,0.01,0.28,-0.12
5.986,0.02,0.18,-0.01
6.005,-0.10,0.21,-0.11
6.024,-0.20,0.22,0.10
6.046,-0.20,0.60,-0.04
6.066,-0.12,0.58,-0.09
6.086,-0.05,0.38,0.06
6.105,0.05,0.26,-0.12
6.125,0.13,-0.04,-0.08
6.145,0.14,-0.28,-0.10
6.166,0.00,-0.49,-0.06
6.186,-0.08,-0.55,-0.10
6.205,-0.15,-0.56,-0.10
6.225,-0.11,-0.45,-0.06
6.245,-0.02,-0.33,-0.05
6.266,0.01,-0.26,-0.08
6.286,0.02,-0.14,-0.04
6.305,0.02,-0.09,-0.02
6.326,0.06,-0.05,-0.07
6.346,0.07,-0.06,-0.03
6.365,0.01,-0.13,-0.04
6.386,-0.05,-0.29,-0.09
6.405,-0.06,-0.44,-0.08
6.426,-0.10,-0.56,-0.04
6.446,-0.09,-0.58,-0.01
6.466,-0.03,-0.36,-0.09
6.486,0.02,-0.33,-0.04
6.505,0.02,-0.30,-0.05
6.527,0.05,-0.37,-0.02
6.546,-0.06,-0.73,-0.04
6.566,-0.05,-1.16,-0.09
6.586,-0.05,-2.16,0.07
6.606,-0.04,-3.03,0.06
6.626,-0.12,-2.40,-0.09
6.646,-0.12,-1.24,-0.17
6.666,-0.14,0.11,-0.19
6.687,-0.06,1.28,-0.18
6.706,0.07,1.87,-0.06
6.726,0.17,1.88,0.05
6.746,0.10,0.97,0.00
6.766,0.04,-0.39,-0.00
6.786,-0.03,-0.10,-0.09
6.806,0.07,0.22,-0.08
6.826,0.05,0.58,0.01
6.846,-0.10,0.80,0.14
6.866,-0.12,0.99,-0.01
6.890,0.01,0.62,-0.08
6.920,0.18,-0.06,0.02
6.926,0.12,-0.02,-0.10
6.945,0.20,0.17,0.02
6.967,0.30,0.21,-0.04
6.986,0.42,0.19,-0.05
7.006,0.49,0.07,-0.03
7.026,0.34,-0.05,-0.06
7.046,0.28,-0.22,-0.07
7.067,0.11,-0.31,-0.10
7.087,-0.11,-0.41,-0.09
7.107,-0.99,-0.62,-0.03
7.127,-2.33,-1.13,0.02
7.147,-0.46,-0.45,-0.02
7.167,-0.41,0.02,0.01
7.187,-0.40,0.03,-0.10
7.207,0.14,-0.27,-0.02
7.227,0.37,-0.13,-0.17
7.246,0.36,-0.08,0.01
7.268,0.34,-0.19,-0.00
7.287,0.19,-0.20,-0.07
7.307,-0.04,-0.43,-0.06
7.327,-0.21,-0.60,-0.10
7.346,-0.14,-0.71,-0.07
7.367,-0.09,-0.65,-0.09
7.388,-0.07,-0.51,-0.06
7.407,-0.06,-0.28,-0.06
7.428,-0.03,-0.04,-0.03
7.447,0.08,0.31,-0.01
7.467,0.33,1.89,0.06
7.489,0.26,1.18,0.17
7.509,0.00,0.35,-0.11
7.527,-0.18,0.91,0.11
7.547,-0.15,1.14,-0.04
7.567,-0.15,1.13,0.01
7.587,-0.03,0.70,0.07
7.607,0.04,0.27,-0.11
7.627,0.10,-0.42,-0.10
7.647,0.15,-0.82,-0.17
7.668,0.15,-1.08,-0.10
7.687,0.00,-1.09,-0.11
7.710,-0.23,-1.76,-0.00
7.728,-0.19,-0.98,-0.19
7.748,-0.03,-0.96,0.07
7.768,0.04,-0.51,-0.11
7.787,0.02,-0.20,0.05
7.808,0.30,0.04,-0.03
7.829,0.35,0.07,-0.11
7.848,0.29,-0.01,-0.07
7.868,0.30,-0.18,-0.04
7.886,0.34,-0.42,-0.03
7.908,0.31,-0.48,-0.03
7.928,0.25,-0.37,-0.12
7.948,-0.12,-0.06,-0.07
7.968,-1.64,0.63,0.00
7.987,-0.98,0.93,0.06
8.008,0.28,-0.14,-0.01
8.028,-0.11,0.01,-0.05
8.048,0.08,-0.08,-0.08
8.067,-0.07,-0.09,-0.07
8.088,-0.17,-0.18,-0.04
8.108,-0.00,-0.05,-0.06
8.128,0.03,-0.11,0.04
8.148,-0.10,0.10,-0.09
8.169,-0.14,0.48,-0.10
8.188,-0.13,0.57,-0.08
8.209,0.03,-0.37,-0.01
8.230,0.75,-1.73,0.02
8.248,-0.16,-0.42,-0.19
8.269,0.04,-0.15,-0.02
8.287,-0.01,-0.20,0.00
8.308,-0.10,-0.33,0.01
8.330,-0.23,-0.45,-0.12
8.348,-0.06,-0.67,-0.09
8.369,-0.12,-0.76,-0.04
8.389,-0.21,-0.67,-0.11
8.409,-0.10,-0.64,-0.02
8.436,-0.08,-0.34,-0.11
8.449,-0.01,-0.03,-0.11
8.469,0.06,0.20,0.00
8.490,0.14,0.43,-0.03
8.509,0.18,0.49,0.00
8.529,0.14,0.47,-0.02
8.549,0.02,0.39,-0.05
8.568,0.12,0.94,-0.02
8.589,-0.06,0.44,0.18
8.609,-0.07,0.38,-0.09
8.629,0.06,0.25,0.03
8.649,0.20,0.31,-0.17
8.668,0.22,0.06,-0.02
8.688,0.19,-0.11,-0.01
8.709,0.21,-0.16,-0.08
8.728,0.24,-0.25,-0.02
8.749,0.24,-0.21,-0.13
8.768,0.22,-0.26,-0.06
8.789,0.17,-0.28,-0.04
8.810,0.12,-0.29,-0.07
8.829,0.08,-0.18,-0.07
8.849,0.06,-0.11,-0.07
8.869,-0.05,-0.12,-0.03
8.889,-0.09,-0.16,-0.05
8.909,-0.11,-0.18,-0.02
8.929,-0.13,-0.12,-0.08
8.949,-0.14,-0.11,-0.05
8.969,-0.05,-0.13,-0.07
8.989,-0.02,-0.12,-0.06
9.010,-0.03,-0.12,-0.02
9.029,-0.01,-0.12,-0.11
9.049,0.01,-0.15,-0.02
9.069,-0.02,-0.16,-0.04
9.089,-0.03,-0.13,-0.05
9.110,-0.09,-0.12,-0.03
9.129,-0.16,-0.03,-0.07
9.150,-0.24,-0.04,-0.02
9.170,-0.21,-0.07,-0.00
9.190,-0.22,-0.09,-0.02
9.211,-0.12,-0.12,-0.04
9.229,-0.26,-0.15,-0.04
9.250,-0.61,-0.10,-0.02
9.268,-1.20,-0.10,0.02
9.288,-1.40,-0.17,0.18
9.310,-1.65,-0.37,0.04
9.329,-0.98,-0.60,-0.06
9.350,-0.15,-0.68,-0.15
9.370,0.57,-0.66,-0.15
9.390,1.05,-0.37,-0.11
9.411,1.08,-0.07,-0.11
9.429,0.84,0.20,-0.10
9.450,0.50,0.37,-0.09
9.473,0.38,0.92,-0.08
9.491,0.11,0.38,0.11
9.511,0.16,0.43,0.02
9.530,0.24,0.28,-0.07
9.549,0.31,-0.09,-0.14
9.570,0.20,-0.26,-0.02
9.591,0.16,-0.25,-0.03
9.611,0.19,-0.17,-0.04
9.630,0.34,-0.03,-0.08
9.650,0.42,0.14,-0.11
9.672,0.49,0.14,-0.08
9.691,0.43,0.08,-0.02
9.711,0.32,-0.01,-0.07
9.731,0.15,-0.10,-0.08
9.750,-0.14,-0.12,-0.08
9.770,-1.30,-0.35,-0.04
9.790,-2.25,-0.92,0.13
9.811,-0.28,-0.04,-0.08
9.831,-0.37,0.32,0.06
9.849,-0.33,0.46,-0.02
9.871,-0.06,0.55,-0.02
9.890,0.15,0.46,-0.10
9.911,0.06,0.46,0.04
9.930,0.09,0.34,-0.01
9.951,0.11,0.24,-0.07
9.972,0.05,0.07,-0.07
9.991,0.06,-0.07,-0.10
10.011,0.20,-0.81,-0.15
10.031,0.61,-2.47,-0.00
10.051,-0.09,-0.50,-0.26
10.071,0.19,-0.39,0.15
10.091,0.09,-0.11,-0.08
10.112,0.08,-0.01,0.05
10.131,0.30,0.04,-0.10
10.151,0.29,-0.04,-0.07
10.174,0.14,-0.12,-0.07
10.192,0.10,-0.15,-0.15
10.212,0.39,-0.60,-0.02
10.231,0.50,-0.50,-0.08
10.251,0.52,-0.27,-0.10
10.272,0.32,-0.00,-0.10
10.291,0.08,0.22,-0.05
10.312,-0.12,0.30,-0.00
10.332,-0.28,0.24,0.01
10.351,-0.41,0.09,-0.01
10.372,-1.25,0.11,0.03
10.392,-1.33,0.09,0.04
10.412,-0.43,-0.26,-0.07
10.430,-0.64,0.01,0.10
10.451,-0.41,0.21,-0.02
10.471,0.01,0.40,-0.03
10.492,0.29,0.34,-0.07
10.512,0.33,0.31,-0.08
10.531,0.27,0.13,0.00
10.552,0.08,0.09,-0.05
10.572,-0.12,0.13,-0.07
10.592,-0.07,0.24,-0.04
10.612,0.08,0.22,-0.09
10.632,0.15,0.09,-0.07
10.652,0.12,0.01,-0.07
10.672,0.14,-0.09,-0.07
10.693,0.07,-0.15,-0.07
10.712,0.10,-0.26,-0.06
10.733,0.13,-0.29,-0.08
10.752,0.11,-0.25,-0.07
10.772,0.07,-0.23,-0.11
10.792,0.05,-0.25,-0.06
10.812,-0.01,-0.24,0.01
10.832,0.01,-0.18,-0.06
10.852,0.07,-0.14,-0.09
10.873,0.10,-0.13,-0.04
10.893,0.02,-0.15,-0.04
10.914,-0.01,-0.26,-0.06
10.932,-0.07,-0.32,-0.07
10.952,-0.10,-0.61,-0.02
10.973,0.00,-1.25,-0.09
10.993,-0.02,-1.92,-0.02
11.012,-0.07,-2.79,0.08
11.033,-0.06,-2.41,-0.02
11.059,-0.11,-1.21,-0.17
11.072,-0.09,0.19,-0.21
11.093,0.00,1.39,-0.15
11.113,0.04,1.94,-0.03
11.133,0.10,1.97,0.02
11.152,0.05,1.00,-0.03
11.173,-0.04,-0.46,0.02
11.193,0.02,-0.10,-0.12
11.213,0.12,0.03,-0.06
11.232,0.18,0.01,-0.10
11.253,0.01,-0.06,0.01
11.273,-0.10,0.33,-0.07
11.292,-0.08,0.69,0.05
11.313,-0.11,1.03,0.10
11.333,-0.14,1.46,-0.03
11.354,0.14,0.93,0.05
11.374,-0.03,1.07,-0.01
11.393,-0.02,1.08,0.04
11.413,-0.09,0.42,-0.06
11.433,-0.02,-1.60,-0.21
11.461,-0.10,-2.16,-0.13
11.474,-0.09,-0.22,-0.12
11.492,0.02,-0.32,0.13
11.512,-0.06,-0.33,-0.16
11.534,0.04,-0.49,0.00
11.554,0.08,-0.21,-0.12
11.573,0.04,-0.11,0.03
11.592,0.04,-0.03,0.01
11.613,0.03,0.01,-0.09
11.632,0.19,-0.03,-0.07
11.660,0.15,0.04,-0.07
11.673,0.12,0.03,-0.03
11.694,-0.03,0.06,-0.07
11.714,0.02,0.04,-0.03
11.734,-0.04,-0.03,-0.04
11.755,0.08,-0.10,-0.04
11.774,0.26,-0.17,-0.06
11.792,0.41,-0.09,-0.05
11.814,0.61,-0.06,-0.09
11.834,0.55,-0.01,-0.13
11.856,0.38,0.01,-0.03
11.875,0.10,0.03,-0.05
11.895,-0.13,0.06,-0.03
11.913,-0.31,0.03,-0.01
11.934,-0.37,-0.00,-0.06
11.957,-0.38,-0.05,-0.06
11.975,-0.25,-0.10,-0.05
11.996,-0.14,-0.10,-0.03
12.014,-0.07,-0.09,-0.02
12.033,-0.76,-0.20,-0.06
12.057,-0.80,-0.16,0.03
12.075,-1.20,-0.06,0.03
12.096,-1.12,0.06,0.10
12.114,-0.69,0.22,-0.01
12.133,-0.13,0.39,-0.05
12.159,0.47,0.33,-0.12
12.174,0.72,0.33,-0.08
12.195,0.74,0.16,-0.01
12.213,0.35,0.10,-0.08
12.235,0.16,0.09,-0.06
12.255,0.05,0.17,-0.06
12.274,0.06,0.15,-0.05
12.294,0.11,0.11,-0.04
12.314,0.14,-0.17,-0.11
12.334,0.24,-1.54,-0.03
12.355,0.05,-0.82,-0.26
12.375,0.11,-0.92,0.11
12.395,0.13,-0.48,-0.03
12.415,0.06,-0.14,0.04
12.435,0.25,0.05,-0.05
12.454,0.24,0.08,-0.09
12.474,-0.13,0.14,-0.02
12.495,-0.20,0.18,-0.04
12.515,-0.25,0.12,-0.02
12.534,-0.08,0.21,-0.04
12.556,-0.17,0.19,-0.05
12.575,-0.01,0.16,-0.03
12.595,0.02,0.12,-0.04
12.614,0.06,-0.02,-0.06
12.635,0.00,-0.22,-0.09
12.654,0.03,-0.26,-0.07
12.675,0.05,-0.32,-0.01
12.695,0.08,-0.16,0.02
12.715,-0.06,0.13,-0.04
12.736,0.01,-0.28,-0.13
12.754,-0.03,-0.46,-0.09
12.775,0.02,0.26,0.01
12.794,0.05,0.68,-0.05
12.814,-0.15,0.06,0.03
12.835,0.01,-0.02,-0.06
12.855,-0.04,0.04,-0.09
12.875,0.01,-0.05,-0.03
12.894,-0.02,-0.08,0.01
12.914,-0.04,-0.08,-0.08
12.936,0.06,-0.27,-0.12
12.955,0.07,-0.13,-0.06
12.975,-0.03,0.01,0.01
12.995,-0.05,0.01,-0.01
13.015,-0.01,-0.00,-0.06
13.036,0.01,-0.07,-0.12
13.055,0.03,-0.04,-0.06
13.076,-0.06,0.11,-0.05
13.096,-0.06,0.10,0.00
13.116,-0.04,0.02,-0.06
13.136,0.11,-0.14,-0.08
13.155,0.03,-0.14,-0.05
13.175,0.09,-0.08,0.00
13.195,0.00,-0.02,-0.06
13.216,-0.08,-0.03,-0.05
13.236,-0.15,-0.05,-0.07
13.255,-0.04,-0.01,-0.06
13.276,0.06,-0.05,-0.03
13.295,0.05,-0.04,-0.03
13.316,-0.06,0.01,-0.07
13.335,-0.06,-0.02,-0.07
13.355,0.03,-0.03,-0.04
13.375,0.02,0.05,-0.01
13.395,0.04,-0.05,-0.01
13.415,-0.01,-0.08,-0.07
13.437,0.08,-0.09,-0.05
13.456,-0.11,0.03,-0.00
13.476,-0.06,0.01,-0.02
13.496,-0.07,0.01,-0.05
13.516,0.00,-0.07,-0.06
13.536,0.04,-0.17,-0.08
13.555,0.10,-0.12,-0.05
13.576,0.02,0.01,-0.03
13.595,-0.03,0.00,0.00
13.616,-0.02,0.04,-0.12
13.636,0.01,-0.04,-0.09
13.656,0.03,-0.09,-0.06
13.676,-0.07,-0.14,-0.06
13.696,-0.17,-1.10,-0.01
13.716,-0.18,-1.27,-0.14
13.736,-0.07,-1.02,-0.09
13.756,-0.04,-0.54,-0.14
13.776,-0.01,-0.16,-0.03
13.796,-0.01,0.32,-0.06
13.818,0.07,0.73,0.00
13.837,0.20,2.12,0.09
13.856,0.11,1.40,0.14
13.876,0.02,0.16,-0.18
13.896,0.05,0.04,0.05
13.917,-0.05,0.23,-0.10
13.937,-0.09,0.56,0.00
13.955,-0.05,0.66,0.13
13.976,-0.09,0.80,-0.07
13.996,-0.00,0.50,0.03
14.016,0.07,0.33,-0.11
14.037,0.14,0.05,-0.04
14.056,0.11,-0.23,-0.06
14.076,0.06,-0.54,-0.05
14.097,-0.06,-0.72,-0.07
14.117,-0.12,-0.64,-0.11
14.137,-0.10,-1.00,-0.08
14.155,-0.04,-1.61,0.01
14.176,0.05,-0.42,-0.11
14.197,0.05,-0.47,0.02
14.217,0.03,-0.57,-0.04
14.238,-0.02,-0.57,-0.01
14.258,0.03,-0.39,-0.18
14.277,0.07,-0.40,-0.02
14.298,-0.04,-0.27,-0.06
14.317,-0.11,-0.09,-0.05
14.337,-0.04,-0.04,-0.04
14.357,-0.11,0.08,-0.07
14.377,-0.01,0.27,-0.07
14.397,0.04,0.35,-0.01
14.418,0.08,0.39,0.01
14.438,0.19,1.13,0.07
14.457,0.09,1.80,0.07
14.477,-0.04,0.10,0.00
14.498,-0.01,-0.12,-0.06
14.518,-0.14,-0.17,-0.04
14.537,0.05,-0.23,-0.15
14.557,0.02,-0.18,0.09
14.576,-0.05,0.03,-0.07
14.598,-0.20,-0.19,-0.03
14.618,0.08,-0.03,-0.02
14.638,0.14,0.06,-0.07
14.658,0.10,-0.15,-0.00
14.677,-0.07,-0.22,-0.04
14.697,-0.15,-0.16,-0.07
14.717,-0.01,-0.10,-0.02
14.738,-0.04,0.12,-0.04
14.758,0.02,0.36,-0.02
14.778,0.10,0.14,-0.01
14.798,0.14,-0.04,-0.07
14.818,0.10,-0.03,-0.04
14.838,0.11,-0.09,-0.02
14.858,-0.06,-0.08,-0.04
14.878,-0.14,-0.10,-0.06
14.898,-0.23,-0.10,-0.04
14.919,-0.13,-0.03,-0.02
14.938,0.07,-0.08,-0.02
14.958,0.09,0.06,-0.05
14.981,0.09,0.05,-0.02
14.998,0.00,0.63,-0.09
15.019,-0.01,0.66,0.03
15.041,-0.08,-0.06,0.02
15.070,0.05,-1.11,-0.13
15.078,0.05,-0.51,-0.12
15.098,0.05,0.09,0.01
15.118,0.00,0.09,-0.06
15.141,-0.03,-0.01,-0.03
15.164,-0.06,-0.08,-0.04
15.178,-0.04,-0.02,-0.06
15.198,0.01,-0.03,0.01
15.219,0.06,0.10,-0.06
15.239,0.06,-0.03,-0.06
15.259,-0.01,0.05,-0.08
15.278,0.02,-0.03,-0.03
15.299,0.01,-0.01,0.03
15.319,0.07,-0.10,0.00
15.341,-0.09,-0.03,-0.06
15.370,-0.08,-0.08,-0.02
15.378,-0.04,-0.02,-0.04
15.399,0.10,0.00,-0.03
15.419,-0.00,-0.01,-0.02
15.439,-0.07,0.06,-0.06
15.460,-0.02,0.04,-0.03
15.479,0.04,-0.01,-0.02
15.503,0.09,-0.25,-0.03
15.519,0.04,-0.09,-0.08
15.540,0.00,0.03,-0.03
15.559,0.02,0.03,0.03
15.579,-0.01,0.01,-0.04
15.599,-0.03,-0.09,-0.06
15.620,-0.02,-0.04,-0.06
15.639,-0.05,0.08,-0.03
15.660,-0.01,0.04,0.02
15.679,-0.00,-0.02,-0.06
15.698,0.07,0.01,-0.07
15.720,0.01,0.02,-0.05
15.739,0.01,0.06,-0.00
15.760,-0.00,0.06,-0.02
15.780,-0.01,-0.04,-0.02
15.799,0.00,-0.25,-0.11
15.818,0.02,-0.17,-0.03
15.840,0.03,-0.02,0.01
15.860,-0.05,0.03,0.04
15.880,0.03,0.07,-0.06
15.900,0.03,0.06,-0.12
15.919,0.09,-0.04,-0.01
15.939,0.01,-0.04,-0.04
15.961,0.04,-0.03,0.02
15.981,0.16,0.06,-0.04
16.000,0.41,0.19,-0.07
16.020,0.51,0.17,-0.03
16.040,0.49,0.13,-0.03
16.060,0.46,0.10,0.01
16.081,0.25,0.07,-0.05
16.100,0.07,0.02,-0.07
16.119,-0.12,-0.12,-0.04
16.141,-0.25,-0.16,-0.06
16.161,-0.32,-0.19,-0.01
16.183,-0.32,-0.16,0.01
16.201,-0.22,-0.08,-0.03
16.221,-0.11,-0.05,-0.05
16.240,0.02,-0.02,-0.02
16.261,0.10,0.03,-0.04
16.280,0.11,0.01,-0.06
16.301,0.11,-0.00,-0.06
16.321,0.03,-0.03,-0.06
16.341,-0.04,-0.04,-0.02
16.360,-0.11,-0.07,-0.04
16.380,-0.21,-0.07,-0.05
16.401,-0.60,-0.12,-0.02
16.421,-0.82,0.03,0.08
16.440,-1.45,0.10,0.10
16.461,-1.62,0.23,0.15
16.481,-1.32,0.42,0.05
16.501,-0.61,0.54,-0.02
16.521,0.30,0.33,-0.12
16.541,1.03,-0.57,-0.16
16.561,1.63,-1.10,-0.13
16.581,1.21,-0.17,-0.01
16.601,-0.08,0.05,-0.09
16.621,0.14,-0.05,-0.05
16.641,0.24,-0.04,-0.03
16.661,0.19,-0.07,-0.01
16.681,0.22,-0.29,-0.03
16.701,0.06,-0.52,-0.04
16.721,-0.05,-0.50,-0.14
16.741,-0.05,-0.81,-0.03
16.761,0.01,-0.68,-0.07
16.781,0.07,-0.54,-0.05
16.801,-0.00,-0.16,-0.11
16.821,-0.04,0.12,-0.09
16.841,0.13,1.41,0.06
16.861,0.20,2.49,0.10
16.881,-0.05,0.26,0.15
16.901,-0.05,0.27,-0.08
16.922,-0.14,0.40,-0.04
16.941,0.02,0.77,-0.12
16.962,-0.13,0.68,0.22
16.981,-0.14,0.23,-0.10
17.002,0.10,-1.41,-0.17
17.022,0.15,-1.75,-0.09
17.043,0.18,0.06,-0.10
17.062,0.24,0.01,0.10
17.083,0.08,-0.11,-0.09
17.103,-0.06,-0.17,-0.00
17.122,0.03,0.01,-0.08
17.142,-0.11,-0.06,-0.02
17.162,-0.14,-0.01,0.04
17.182,-0.05,0.19,-0.10
17.202,0.06,0.06,-0.02
17.222,0.01,0.11,-0.06
17.242,0.03,-0.03,-0.00
17.263,-0.05,-0.07,-0.05
17.282,0.04,-0.01,-0.03
17.301,0.03,0.00,-0.02
17.322,0.03,-0.04,-0.07
17.342,0.10,-0.11,-0.01
17.363,-0.08,0.11,-0.10
17.383,0.00,0.03,0.01
17.403,-0.06,0.16,-0.07
17.422,0.03,-0.02,-0.03
17.442,-0.09,-0.11,-0.07
17.463,0.10,-0.22,-0.08
17.481,0.03,-0.01,0.02
17.503,0.07,0.04,0.01
17.522,-0.02,0.02,-0.04
17.542,0.01,-0.08,-0.09
17.563,0.00,-0.14,-0.05
17.582,-0.00,-0.07,-0.02
17.602,-0.03,-0.08,-0.03
17.622,-0.07,-0.07,-0.07
17.643,0.03,-0.01,-0.07
17.663,0.05,-0.03,-0.06
17.684,0.01,-0.27,-0.05
17.704,-0.09,-0.55,0.35
17.722,-0.06,-0.64,-0.02
17.742,0.01,-0.49,-0.50
17.762,0.00,-0.37,-0.15
17.783,0.08,-0.13,-0.46
